contig	position	read_name	-3_event_level_mean	-3_event_stdv	-3_event_length	-3_standardized_level	-3_event_level_median	-3_event_stdv_median	-3_event_length_median	-3_diff_stdv	-2_event_level_mean	-2_event_stdv	-2_event_length	-2_standardized_level	-2_event_level_median	-2_event_stdv_median	-2_event_length_median	-2_diff_stdv	-1_event_level_mean	-1_event_stdv	-1_event_length	-1_standardized_level	-1_event_level_median	-1_event_stdv_median	-1_event_length_median	-1_diff_stdv	0_event_level_mean	0_event_stdv	0_event_length	0_standardized_level	0_event_level_median	0_event_stdv_median	0_event_length_median	0_diff_stdv	+1_event_level_mean	+1_event_stdv	+1_event_length	+1_standardized_level	+1_event_level_median	+1_event_stdv_median	+1_event_length_median	+1_diff_stdv	+2_event_level_mean	+2_event_stdv	+2_event_length	+2_standardized_level	+2_event_level_median	+2_event_stdv_median	+2_event_length_median	+2_diff_stdv	+3_event_level_mean	+3_event_stdv	+3_event_length	+3_standardized_level	+3_event_level_median	+3_event_stdv_median	+3_event_length_median	+3_diff_stdv
ENST00000327044.7|ENSG00000188976.11|OTTHUMG00000040720.2|OTTHUMT00000097869.2|NOC2L-201|NOC2L|2757|protein_coding|	2604	bd615a96-2f55-4d1c-9e06-c5f72ab80274	104.49	2.48	0.00232	-0.38	104.49	2.48	0.00232	-0.5775128	131.37	3.933	0.00232	1.03	131.37	3.933	0.00232	-0.1789144	84.91	11.221	0.00631	1.53	84.91	11.221	0.00631	2.9932384	69.0375	1.0495	0.005395	-0.1625	69.0375	1.0495	0.005395	-0.5534043	72.0	1.379	0.00764	-0.91	72.0	1.379	0.00764	-0.51614034	79.42	1.6416667	0.0030966667	-0.9433333	79.62	1.335	0.00332	-0.28623188	95.55	1.354	0.00232	1.79	95.55	1.354	0.00232	-0.55606556
ENST00000327044.7|ENSG00000188976.11|OTTHUMG00000040720.2|OTTHUMT00000097869.2|NOC2L-201|NOC2L|2757|protein_coding|	133	bea0224b-53bc-43b5-b26f-031f3eb076c3	129.6	1.187	0.00266	0.84	129.6	1.187	0.00266	-0.79778534	132.66	1.549	0.00332	1.16	132.66	1.549	0.00332	-0.676618	86.47	3.5585	0.00266	0.5	86.47	3.5585	0.00266	0.119025156	75.9925	1.8145	0.00714	0.4575	75.9925	1.8145	0.00714	-0.034840427	83.17	4.623	0.00598	0.85	83.17	4.623	0.00598	0.4537736	93.49	6.063	0.00266	1.58	93.49	6.063	0.00266	0.21746989	114.47	3.159	0.00199	-0.21	114.47	3.159	0.00199	-0.22
ENST00000327044.7|ENSG00000188976.11|OTTHUMG00000040720.2|OTTHUMT00000097869.2|NOC2L-201|NOC2L|2757|protein_coding|	2511	cac133d7-2480-45a7-8f80-289a6feeeca9	107.52443	3.3624642	0.006355	0.061642855	107.59	3.208	0.005645	-0.25112155	118.4975	10.66925	0.0038175	0.0075	118.4975	10.66925	0.0038175	1.2274008	74.8	2.13	0.00631	-1.18	74.8	2.13	0.00631	-0.24199288	68.835	1.6095	0.018595	0.265	68.835	1.6095	0.018595	-0.22246377	78.5	2.516	0.00266	2.22	78.5	2.516	0.00266	0.0706383	92.36	2.429	0.006804167	-0.44916666	92.55	2.362	0.0058075	-0.1477193	113.42	3.183	0.01162	1.06	113.42	3.183	0.01162	-0.29109132
ENST00000327044.7|ENSG00000188976.11|OTTHUMG00000040720.2|OTTHUMT00000097869.2|NOC2L-201|NOC2L|2757|protein_coding|	2527	cac133d7-2480-45a7-8f80-289a6feeeca9	101.83	5.31	0.01195	-0.68	101.83	5.31	0.01195	-0.09540034	126.06	2.038	0.00299	0.07	126.06	2.038	0.00299	-0.57453024	80.585	3.57175	0.008465	0.3275	80.585	3.57175	0.008465	0.2710854	82.31	1.357	0.00232	-0.14	82.31	1.357	0.00232	-0.5118705	101.2	2.013	0.00398	1.02	101.2	2.013	0.00398	-0.49548873	116.62	5.05	0.0166	0.06	116.62	5.05	0.0166	-0.11247803	126.93	1.577	0.00266	0.47	126.93	1.577	0.00266	-0.73134583
ENST00000327044.7|ENSG00000188976.11|OTTHUMG00000040720.2|OTTHUMT00000097869.2|NOC2L-201|NOC2L|2757|protein_coding|	1861	d924d38b-1deb-4fb0-90b5-818e1dae0831	107.655	3.236	0.002825	0.085	107.655	3.236	0.002825	-0.2792873	110.43	5.903	0.00266	-1.27	110.43	5.903	0.00266	0.23235908	85.37	4.621	0.00863	1.48	85.37	4.621	0.00863	0.644484	75.09	1.803	0.00697	0.93	75.09	1.803	0.00697	-0.23276596	76.48	0.8475	0.002155	-0.37	76.48	0.8475	0.002155	-0.6497934	89.765	1.9365	0.00614	0.86	89.765	1.9365	0.00614	-0.2692453	100.5875	4.3025	0.004315	0.2475	100.5875	4.3025	0.004315	0.13822751
ENST00000327044.7|ENSG00000188976.11|OTTHUMG00000040720.2|OTTHUMT00000097869.2|NOC2L-201|NOC2L|2757|protein_coding|	656	e3f2f20b-238e-4793-82db-cf4b23c0d44b	118.53	7.698	0.00332	-0.61	118.53	7.698	0.00332	0.31141397	128.7675	4.635	0.00747	0.4925	128.7675	4.635	0.00747	-0.032359082	82.11	7.765	0.00432	0.59	82.11	7.765	0.00432	1.7633452	71.3	1.455	0.00863	0.58	71.3	1.455	0.00863	-0.38085106	71.34	1.034	0.01129	-0.76	71.34	1.034	0.01129	-0.63719296	77.3	0.8705	0.003485	-0.79	77.3	0.8705	0.003485	-0.6215217	89.346664	1.4428333	0.00509	0.3475	89.89	1.3365	0.005145	-0.32261345
ENST00000327044.7|ENSG00000188976.11|OTTHUMG00000040720.2|OTTHUMT00000097869.2|NOC2L-201|NOC2L|2757|protein_coding|	1946	e3fe6e89-2883-40d8-881e-7c9972af707f	124.07	4.769	0.00232	0.75	124.07	4.769	0.00232	-0.14226618	113.21	9.139	0.00266	2.77	113.21	9.139	0.00266	1.6489855	91.95	5.534	0.00896	-0.26	91.95	5.534	0.00896	1.0271063	81.84	1.461	0.00315	0.475	81.84	1.461	0.00315	-0.396281	74.49	1.255	0.00863	0.1	74.49	1.255	0.00863	-0.3937198	69.505	0.97425	0.0067225	0.2475	69.505	0.97425	0.0067225	-0.57641304	66.7225	1.2045	0.008715	0.175	66.7225	1.2045	0.008715	-0.41811594
ENST00000327044.7|ENSG00000188976.11|OTTHUMG00000040720.2|OTTHUMT00000097869.2|NOC2L-201|NOC2L|2757|protein_coding|	656	eaf66a12-341f-4ba5-9c45-b06b2dfa8bd3	114.82	3.2045	0.009295	-1.09	114.82	3.2045	0.009295	-0.4540886	124.125	5.7285	0.006975	-0.23	124.125	5.7285	0.006975	0.19592902	79.38	1.4456667	0.00376	-0.14	78.75	1.127	0.00398	-0.48552787	72.58	1.198	0.00631	1.0	72.58	1.198	0.00631	-0.49021277	77.79	1.482	0.00432	0.94	77.79	1.482	0.00432	-0.48	83.06	2.439	0.00564	1.09	83.06	2.439	0.00564	0.06043478	86.62	1.344	0.00365	-0.61	86.62	1.344	0.00365	-0.36901408
ENST00000327044.7|ENSG00000188976.11|OTTHUMG00000040720.2|OTTHUMT00000097869.2|NOC2L-201|NOC2L|2757|protein_coding|	1043	eaf66a12-341f-4ba5-9c45-b06b2dfa8bd3	129.51	2.183	0.00232	1.03	129.51	2.183	0.00232	-0.6073741	106.14	2.183	0.00299	1.17	106.14	2.183	0.00299	-0.3672464	94.74	2.1755	0.00448	0.485	94.74	2.1755	0.00448	-0.20311356	88.42	1.644	0.01826	0.61	88.42	1.644	0.01826	-0.4231579	94.05	2.315	0.00199	-0.2	94.05	2.315	0.00199	-0.2603834	101.71	7.9	0.00498	-0.84	101.71	7.9	0.00498	1.0466322	84.315	2.6775	0.00548	0.61	84.315	2.6775	0.00548	-0.1134106
ENST00000327044.7|ENSG00000188976.11|OTTHUMG00000040720.2|OTTHUMT00000097869.2|NOC2L-201|NOC2L|2757|protein_coding|	2384	fb95c773-34a1-4fd2-9360-d37dfbcd18fb	120.9	4.393	0.00299	0.63	120.9	4.393	0.00299	0.3858044	110.71	14.71	0.00764	-1.22	110.71	14.71	0.00764	2.0709813	80.94	3.6905	0.01079	-0.015	80.94	3.6905	0.01079	0.16053459	79.55	2.779	0.00299	-0.69	79.55	2.779	0.00299	-0.4540275	100.2	8.188	0.00199	-1.35	100.2	8.188	0.00199	0.044387754	124.55	5.066	0.00232	0.61	124.55	5.066	0.00232	-0.045951035	113.99	5.62	0.010623333	0.32666665	114.01	5.044	0.01361	0.5830986
ENST00000327044.7|ENSG00000188976.11|OTTHUMG00000040720.2|OTTHUMT00000097869.2|NOC2L-201|NOC2L|2757|protein_coding|	2511	348029e7-c2f8-4115-83e7-d19c4ed28c16	108.82	2.634	0.01096	0.27	108.82	2.634	0.01096	-0.41336304	124.18	3.535	0.00332	0.885	124.18	3.535	0.00332	-0.26200417	80.06	3.783	0.00664	0.23	80.06	3.783	0.00664	0.34626335	69.3225	1.532	0.005065	0.435	69.3	1.59375	0.00382	-0.25990337	76.05	4.308	0.00564	1.39	76.05	4.308	0.00564	0.8331915	95.475	2.386	0.021245	0.375	95.475	2.386	0.021245	-0.16280702	112.805	2.967	0.01577	0.925	112.805	2.967	0.01577	-0.33919823
ENST00000416718.2|ENSG00000198744.5|OTTHUMG00000002337.2|OTTHUMT00000006719.2|MTCO3P12-201|MTCO3P12|547|unprocessed_pseudogene|	156	7939123e-4a33-4013-a5ef-02485c3c34d5	95.55	0.727	0.00398	1.02	95.55	0.727	0.00398	-0.76085526	95.36535	1.2178237	0.009911442	0.45028847	95.465	1.2825	0.007055	-0.64700764	84.18	2.107	0.005975	0.345	84.18	2.107	0.005975	-0.25017795	78.28	1.6905	0.003155	1.295	78.28	1.6905	0.003155	-0.19881517	86.08417	1.06275	0.008190833	-0.12833333	86.2125	1.03225	0.0074725	-0.5010563	96.695	2.885	0.00714	0.87	96.695	2.885	0.00714	-0.54060507	88.16	2.1555	0.010125	0.435	88.16	2.1555	0.010125	-0.18041825
ENST00000416718.2|ENSG00000198744.5|OTTHUMG00000002337.2|OTTHUMT00000006719.2|MTCO3P12-201|MTCO3P12|547|unprocessed_pseudogene|	183	7939123e-4a33-4013-a5ef-02485c3c34d5	87.735	1.3298334	0.0039833332	0.083333336	87.435	1.3205	0.00332	-0.56255484	95.16	3.37	0.01228	0.3	95.16	3.37	0.01228	-0.023188407	87.824165	2.39175	0.0052575	-0.4675	87.945	2.3105	0.0039025	-0.24787736	73.88	2.576	0.0083825	-0.4175	73.88	2.576	0.0083825	0.37021276	75.63	2.571	0.00398	-0.75	75.63	2.571	0.00398	-0.19150944	81.83	4.58	0.01428	-0.48	81.83	4.58	0.01428	0.14786968	109.19	1.9105	0.003155	-0.94	109.19	1.9105	0.003155	-0.6642355
ENST00000327044.7|ENSG00000188976.11|OTTHUMG00000040720.2|OTTHUMT00000097869.2|NOC2L-201|NOC2L|2757|protein_coding|	2384	b688cf5d-62aa-40ea-b8b1-1c603675c873	116.6	1.693	0.00299	-0.4	116.6	1.693	0.00299	-0.4659306	104.68	10.096	0.00266	-2.15	104.68	10.096	0.00266	1.1077244	84.505	7.2125	0.00448	0.83	84.505	7.2125	0.00448	1.2680818	92.92	8.26675	0.005975	1.29	92.92	8.26675	0.005975	0.6241159	113.3	12.847	0.00398	-0.08	113.3	12.847	0.00398	0.638648	125.3	6.949	0.004315	0.71	125.3	6.949	0.004315	0.3086629	105.62	5.241	0.00332	-1.45	105.62	5.241	0.00332	0.47633803
ENST00000327044.7|ENSG00000188976.11|OTTHUMG00000040720.2|OTTHUMT00000097869.2|NOC2L-201|NOC2L|2757|protein_coding|	2417	f8eb0858-2fbf-49c7-9447-a9a9044c53a8	127.88	4.134	0.00664	0.87	127.88	4.134	0.00664	-0.29574105	135.27	2.629	0.00398	1.5	135.27	2.629	0.00398	-0.4511482	83.35	1.8825	0.003815	1.1475	83.35	1.8825	0.003815	-0.33007118	79.87	1.951	0.00465	1.87	79.87	1.951	0.00465	-0.07535545	94.3275	1.539	0.0053125	1.76	94.3275	1.539	0.0053125	-0.49039736	106.835	2.259	0.007305	0.73	106.835	2.259	0.007305	-0.15708955	93.45	2.2825	0.00415	-1.635	93.45	2.2825	0.00415	-0.3384058
ENST00000327044.7|ENSG00000188976.11|OTTHUMG00000040720.2|OTTHUMT00000097869.2|NOC2L-201|NOC2L|2757|protein_coding|	2511	f8eb0858-2fbf-49c7-9447-a9a9044c53a8	109.905	3.8525	0.00664	0.455	109.905	3.8525	0.00664	-0.14198218	125.9	8.184	0.0073	1.16	125.9	8.184	0.0073	0.7085595	79.635	2.4775	0.003155	0.12	79.635	2.4775	0.003155	-0.1183274	69.48	1.263	0.0093	0.5	69.48	1.263	0.0093	-0.3898551	70.066666	1.7503333	0.005478333	-0.49666667	69.315	1.4105	0.00581	-0.25517732	89.06	2.6725	0.00415	-1.3	89.06	2.6725	0.00415	-0.062280703	112.51	1.821	0.00332	0.89	112.51	1.821	0.00332	-0.59443206
ENST00000416718.2|ENSG00000198744.5|OTTHUMG00000002337.2|OTTHUMT00000006719.2|MTCO3P12-201|MTCO3P12|547|unprocessed_pseudogene|	54	fb60cc80-5902-4823-8a20-d8d66158c9a6	94.1475	2.9435	0.0053125	0.64	94.1475	2.9435	0.0053125	-0.031743422	95.75	4.534	0.00465	0.41	95.75	4.534	0.00465	0.3142029	84.165	5.3825	0.00714	-0.55	84.165	5.3825	0.00714	0.6926101	77.2325	4.891	0.0150225	-1.0075	77.2325	4.891	0.0150225	-0.039096266	90.11	5.311	0.003485	0.09	90.11	5.311	0.003485	-0.32257652	102.48	5.585	0.00764	-2.03	102.48	5.585	0.00764	0.37901235	114.21	6.245	0.00564	0.055	114.21	6.245	0.00564	0.5419753
ENST00000327044.7|ENSG00000188976.11|OTTHUMG00000040720.2|OTTHUMT00000097869.2|NOC2L-201|NOC2L|2757|protein_coding|	1210	061d48f8-f488-4507-ad08-a36420dd10b7	104.95	1.4773333	0.0115083335	-0.28666666	105.495	1.574	0.006805	-0.44875622	99.31	3.579	0.00498	-0.02	99.31	3.579	0.00498	0.037391305	79.5	1.439	0.00498	-2.08	79.5	1.439	0.00498	-0.5474843	82.03	1.368	0.013115	0.47	82.03	1.368	0.013115	-0.35774648	92.39	2.773	0.01162	0.24	92.39	2.773	0.01162	-0.5584395	74.35125	1.166375	0.00991875	-0.12625	74.5725	1.2215	0.0072225	-0.44458333	76.04	1.087	0.00598	-0.51	76.04	1.087	0.00598	-0.6131673
ENST00000327044.7|ENSG00000188976.11|OTTHUMG00000040720.2|OTTHUMT00000097869.2|NOC2L-201|NOC2L|2757|protein_coding|	227	062eb6f8-fc67-433b-ad2e-dc6c87209c3a	126.24	2.089	0.00266	0.7	126.24	2.089	0.00266	-0.64412266	107.04	18.203	0.00232	-3.05	107.04	18.203	0.00232	2.8002088	74.22	1.873	0.00498	-1.34	74.22	1.873	0.00498	-0.33345196	71.21	2.167	0.00564	-0.415	71.21	2.167	0.00564	0.027014218	101.93	2.099	0.00564	1.4	101.93	2.099	0.00564	-0.58762276	119.18	2.329	0.0073	1.86	119.18	2.329	0.0073	-0.22880794	112.44	8.226	0.00498	-1.25	112.44	8.226	0.00498	1.3171831
ENST00000327044.7|ENSG00000188976.11|OTTHUMG00000040720.2|OTTHUMT00000097869.2|NOC2L-201|NOC2L|2757|protein_coding|	992	069ed2c6-5e95-4d4a-86b2-b0c5c332255a	118.58	2.197	0.00299	0.64	118.58	2.197	0.00299	-0.30694005	122.57	7.589	0.00797	0.67	122.57	7.589	0.00797	0.58434236	81.73	1.932	0.00697	-0.66	81.73	1.932	0.00697	-0.39245284	74.6975	1.4825	0.0042325	-1.255	74.6975	1.4825	0.0042325	-0.21143617	81.39	1.08	0.00398	-1.03	81.39	1.08	0.00398	-0.6043956	82.1	1.3745	0.015105	-0.09	82.1	1.3745	0.015105	-0.4320248	77.484	1.3721	0.007536	-0.092	76.635	1.267	0.00664	-0.30350253
ENST00000327044.7|ENSG00000188976.11|OTTHUMG00000040720.2|OTTHUMT00000097869.2|NOC2L-201|NOC2L|2757|protein_coding|	1754	069ed2c6-5e95-4d4a-86b2-b0c5c332255a	119.83	10.332	0.00232	-1.23	119.83	10.332	0.00232	0.8582734	103.43912	2.9527059	0.0059790625	0.58980393	103.1125	2.92975	0.003485	-0.14414322	85.065	3.7225	0.00365	-2.06	85.065	3.7225	0.00365	0.3635531	92.68	1.443	0.00232	3.18	92.68	1.443	0.00232	-0.4936842	81.583336	1.993	0.0029866667	-0.26666668	82.02	1.858	0.00299	-0.13347825	96.14667	2.6608334	0.0045925	0.4975	96.0325	2.451	0.004315	-0.46569613	102.9025	1.712	0.00448	-0.535	102.9025	1.712	0.00448	-0.6775895
ENST00000327044.7|ENSG00000188976.11|OTTHUMG00000040720.2|OTTHUMT00000097869.2|NOC2L-201|NOC2L|2757|protein_coding|	1940	079454c6-3496-49aa-9fd6-099e593fe0b6	121.77	3.913	0.01062	0.1	121.77	3.913	0.01062	-0.33339012	130.82	3.958	0.005975	0.86	130.82	3.958	0.005975	-0.17369519	76.77	3.414	0.01494	-0.88	76.77	3.414	0.01494	0.21494661	72.15	2.246	0.00498	0.47	72.15	2.246	0.00498	-0.04425532	96.985	2.3315	0.00664	0.815	96.985	2.3315	0.00664	-0.18192983	97.25	1.319	0.00332	-1.88	97.25	1.319	0.00332	-0.70623606	114.95	4.17	0.01129	-0.53	114.95	4.17	0.01129	-0.25
ENST00000327044.7|ENSG00000188976.11|OTTHUMG00000040720.2|OTTHUMT00000097869.2|NOC2L-201|NOC2L|2757|protein_coding|	2417	079454c6-3496-49aa-9fd6-099e593fe0b6	124.07	3.485	0.00398	0.41	124.07	3.485	0.00398	-0.40630323	127.7325	4.16575	0.0083	0.3525	127.7325	4.16575	0.0083	-0.13032359	78.915	1.47	0.005975	-0.03	78.915	1.47	0.005975	-0.47686833	79.66	1.238	0.00232	1.9	79.66	1.238	0.00232	-0.41327015	89.205	2.0935	0.00581	0.53	89.205	2.0935	0.00581	-0.3067881	108.55	1.785	0.0073	1.28	108.55	1.785	0.0073	-0.33395523	97.43	5.178	0.01361	-0.82	97.43	5.178	0.01361	0.5008696
ENST00000327044.7|ENSG00000188976.11|OTTHUMG00000040720.2|OTTHUMT00000097869.2|NOC2L-201|NOC2L|2757|protein_coding|	1210	09632391-1575-48a8-b208-82ffb20f6453	106.52	1.7455	0.010125	0.18	106.52	1.7455	0.010125	-0.34869403	99.49	4.032	0.0166	0.03	99.49	4.032	0.0166	0.16869566	87.3	1.498	0.00232	-0.15	87.3	1.498	0.00232	-0.52893084	80.76	1.8745	0.009295	0.0	80.76	1.8745	0.009295	-0.11995305	83.82	2.6785	0.00498	-0.86	83.82	2.6785	0.00498	-0.5734873	74.889	1.440575	0.01067225	0.07825	75.0525	1.24075	0.00805	-0.3140119	79.42	3.423	0.00299	0.46	79.42	3.423	0.00299	0.21814947
ENST00000327044.7|ENSG00000188976.11|OTTHUMG00000040720.2|OTTHUMT00000097869.2|NOC2L-201|NOC2L|2757|protein_coding|	1837	0b21a57b-cc75-4374-8584-39d1d9a3e805	106.78	5.33	0.00996	-0.07	106.78	5.33	0.00996	0.18708241	110.25	5.726	0.00598	-1.33	110.25	5.726	0.00598	0.1954071	74.98167	2.9470832	0.0056175	0.5475	78.795	2.81475	0.0053975	0.048784103	66.775	1.37975	0.003735	-0.165	66.775	1.37975	0.003735	-0.3334541	81.76	3.559	0.00664	1.04	81.76	3.559	0.00664	0.28021583	105.19	5.831	0.00299	1.91	105.19	5.831	0.00299	0.17088354	111.49	4.375	0.00266	-0.78	111.49	4.375	0.00266	0.08024691
ENST00000327044.7|ENSG00000188976.11|OTTHUMG00000040720.2|OTTHUMT00000097869.2|NOC2L-201|NOC2L|2757|protein_coding|	2141	1b86a6d1-d254-4726-be3b-50f01b333bd2	114.195	5.1455	0.01245	-0.42	114.195	5.1455	0.01245	0.6231861	121.8	2.408	0.00232	0.55	121.8	2.408	0.00232	-0.49728602	82.1445	2.52225	0.007852	0.285	81.8775	1.82975	0.005895	-0.20683962	88.27	7.098	0.00266	0.07	88.27	7.098	0.00266	0.394499	108.31333	2.925	0.0049233334	0.015	109.7	2.4585	0.005145	-0.031456955	113.88	1.639	0.00332	0.34	113.88	1.639	0.00332	-0.5753886	94.363335	2.4183333	0.01195	0.73333335	94.34	2.378	0.00996	-0.5248854
ENST00000327044.7|ENSG00000188976.11|OTTHUMG00000040720.2|OTTHUMT00000097869.2|NOC2L-201|NOC2L|2757|protein_coding|	1895	1c572bd5-860f-44fb-ab19-6e3253e2fed3	100.215	3.263	0.00697	0.09	100.215	3.263	0.00697	-0.27327394	118.245	9.0445	0.00564	-0.035	118.245	9.0445	0.00564	0.8882046	79.77	2.38	0.00598	0.11	79.77	2.38	0.00598	-0.15302491	74.76	1.682	0.00299	-0.5	74.76	1.682	0.00299	-0.39496404	91.25	4.7955	0.002985	-0.275	91.25	4.7955	0.002985	-0.037048195	111.45	3.036	0.00498	-0.79	111.45	3.036	0.00498	-0.25037038	122.94	3.308	0.00764	0.65	122.94	3.308	0.00764	0.043533124
ENST00000327044.7|ENSG00000188976.11|OTTHUMG00000040720.2|OTTHUMT00000097869.2|NOC2L-201|NOC2L|2757|protein_coding|	1837	23360352-85fb-4538-ae12-0d5d61d81503	107.54	5.707	0.00266	0.06	107.54	5.707	0.00266	0.27104676	123.51	8.253	0.00598	0.79	123.51	8.253	0.00598	0.7229645	78.86104	3.6615624	0.0062725	-0.0825	80.0575	3.73825	0.004815	0.30304715	67.51125	2.458	0.0036925	0.1075	67.1325	2.564	0.00307	0.18743962	74.03	2.595	0.00531	-1.08	74.03	2.595	0.00531	-0.06654676	97.545	3.0705	0.005645	0.685	97.545	3.0705	0.005645	-0.38343373	114.16	4.012	0.00963	-0.255	114.16	4.012	0.00963	-0.009382716
ENST00000327044.7|ENSG00000188976.11|OTTHUMG00000040720.2|OTTHUMT00000097869.2|NOC2L-201|NOC2L|2757|protein_coding|	1210	2972efca-6bf8-4635-961b-3f2fed42c899	109.14	5.0315	0.00614	0.9	109.14	5.0315	0.00614	0.8774254	94.96	3.995	0.01162	-0.96	94.96	3.995	0.01162	0.15797101	90.41	3.36	0.00299	0.6	90.41	3.36	0.00299	0.056603774	80.015	1.8325	0.009295	-0.26	80.015	1.8325	0.009295	-0.13967136	85.615	3.336	0.004815	-0.58	85.615	3.336	0.004815	-0.46878982	75.37524	1.4195833	0.0065780953	0.24357143	75.2425	1.38775	0.0070575	-0.32400793	76.24	1.749	0.00631	-0.43	76.24	1.749	0.00631	-0.37758008
ENST00000327044.7|ENSG00000188976.11|OTTHUMG00000040720.2|OTTHUMT00000097869.2|NOC2L-201|NOC2L|2757|protein_coding|	89	3488e945-fb7f-4c38-8aab-f26af079c190	106.91	2.394	0.00432	0.44	106.91	2.394	0.00432	-0.46681514	126.49	8.292	0.00398	0.7	126.49	8.292	0.00398	0.73110646	89.32	1.676	0.00564	0.17	89.32	1.676	0.00564	-0.3860806	78.9	3.156	0.00365	-0.47	78.9	3.156	0.00365	0.107368425	73.69	1.043	0.00531	1.05	73.69	1.043	0.00531	-0.5465217	77.51	1.414	0.00232	-1.15	77.51	1.414	0.00232	-0.4913669	98.26	1.888	0.00199	0.44	98.26	1.888	0.00199	-0.526817
ENST00000327044.7|ENSG00000188976.11|OTTHUMG00000040720.2|OTTHUMT00000097869.2|NOC2L-201|NOC2L|2757|protein_coding|	2141	3b51b28e-0d35-4fb5-8b8f-5e8806fd8879	109.88	5.322	0.00299	-1.48	109.88	5.322	0.00299	0.67886436	107.64	6.709	0.02108	-1.745	107.64	6.709	0.02108	0.4006263	86.42	5.564	0.00863	1.33	86.42	5.564	0.00863	0.7496855	80.19	5.344	0.00432	-1.16	80.19	5.344	0.00432	0.04990177	110.0125	5.58275	0.00863	0.455	110.0125	5.58275	0.00863	0.8485927	109.94	4.04	0.0093	-0.45	109.94	4.04	0.0093	0.046632126	90.77	2.8431666	0.00581	0.18833333	92.265	2.8165	0.005645	-0.4414211
ENST00000327044.7|ENSG00000188976.11|OTTHUMG00000040720.2|OTTHUMT00000097869.2|NOC2L-201|NOC2L|2757|protein_coding|	1852	3ce79c58-dfbe-4a17-ace0-ef0662afa38d	119.85	6.9735	0.007055	0.425	119.85	6.9735	0.007055	1.1998422	119.32	10.514	0.00564	0.17	119.32	10.514	0.00564	1.1949896	85.3725	3.4265	0.01021	0.255	85.3725	3.4265	0.01021	0.07751572	70.49	1.293	0.01029	-0.77	70.49	1.293	0.01029	-0.31223404	78.06	1.302	0.00432	0.91	78.06	1.302	0.00432	-0.53665483	69.68	0.984	0.00332	1.27	69.68	0.984	0.00332	-0.5246377	63.225	1.007	0.004315	-0.575	63.225	1.007	0.004315	-0.51352656
ENST00000327044.7|ENSG00000188976.11|OTTHUMG00000040720.2|OTTHUMT00000097869.2|NOC2L-201|NOC2L|2757|protein_coding|	1946	3ce79c58-dfbe-4a17-ace0-ef0662afa38d	114.4	2.864	0.00299	-0.67	114.4	2.864	0.00299	-0.4848921	111.8	8.977	0.00664	2.77	111.8	8.977	0.00664	1.602029	95.19334	3.0346668	0.00642	0.74	95.45	2.952	0.00631	0.11159951	84.02	1.894	0.00365	1.32	84.02	1.894	0.00365	-0.21735537	74.17	1.3775	0.010625	-0.02	74.17	1.3775	0.010625	-0.33454105	68.07	0.779	0.00398	-0.26	68.07	0.779	0.00398	-0.66130435	68.51	2.718	0.00896	0.94	68.51	2.718	0.00896	0.31304348
ENST00000327044.7|ENSG00000188976.11|OTTHUMG00000040720.2|OTTHUMT00000097869.2|NOC2L-201|NOC2L|2757|protein_coding|	1754	402bea4e-d5fd-4b14-bd71-8a23d4747018	120.485	2.61275	0.0093375	0.1425	129.36	2.44325	0.0082175	-0.5300809	97.92	2.5445833	0.008656667	-0.62833333	97.825	2.55325	0.00722	-0.2624396	96.48	1.617	0.00664	1.13	96.48	1.617	0.00664	-0.4076923	80.04	5.11	0.00465	-0.22	80.04	5.11	0.00465	0.79298246	84.58	2.192	0.02025	0.72	84.58	2.192	0.02025	-0.04695652	102.33	2.958	0.00896	1.43	102.33	2.958	0.00896	-0.4060241	102.015	9.49	0.002155	-0.65	102.015	9.49	0.002155	0.78719395
ENST00000327044.7|ENSG00000188976.11|OTTHUMG00000040720.2|OTTHUMT00000097869.2|NOC2L-201|NOC2L|2757|protein_coding|	656	4bbc005d-fa01-433d-b175-85bed196fdbf	122.25	6.1205	0.007635	-0.16	122.25	6.1205	0.007635	0.042674616	129.13	2.732	0.004315	0.665	129.13	2.732	0.004315	-0.4296451	82.26	7.326	0.00631	0.75	82.26	7.326	0.00631	1.6071174	70.02	1.038	0.00598	0.21	70.02	1.038	0.00598	-0.5582979	74.8725	1.14875	0.0029875	0.1975	74.8725	1.14875	0.0029875	-0.59692985	80.23	1.3225	0.00365	0.19	80.23	1.3225	0.00365	-0.425	90.16	1.7013333	0.0037633334	0.7633333	90.6	1.584	0.00432	-0.20125195
ENST00000327044.7|ENSG00000188976.11|OTTHUMG00000040720.2|OTTHUMT00000097869.2|NOC2L-201|NOC2L|2757|protein_coding|	2511	4f533933-a4db-4011-b52d-2fbb84887f0a	103.51375	1.881125	0.0050225	-0.6025	103.4525	1.892	0.0044	-0.5810412	109.41	13.9665	0.007805	-1.395	109.41	13.9665	0.007805	1.915762	77.22	2.6265	0.007305	-0.515	77.22	2.6265	0.007305	-0.06530249	68.57	1.1935	0.01378	0.165	68.57	1.1935	0.01378	-0.42342997	76.035	3.331	0.008135	1.385	76.035	3.331	0.008135	0.41744682	92.62444	2.095878	0.007560722	-0.36666667	92.2	2.20025	0.005395	-0.2646043	110.325	2.73	0.00498	0.52	110.325	2.73	0.00498	-0.39198217
ENST00000327044.7|ENSG00000188976.11|OTTHUMG00000040720.2|OTTHUMT00000097869.2|NOC2L-201|NOC2L|2757|protein_coding|	614	5510fd21-861d-4d42-ad06-626eb9b5f6c0	123.19	1.202	0.00266	0.53	123.19	1.202	0.00266	-0.62082016	114.27	7.662	0.00664	-0.64	114.27	7.662	0.00664	0.59958243	84.53	4.485	0.00498	0.82	84.53	4.485	0.00498	0.41037735	87.53	5.29	0.00398	-0.6	87.53	5.29	0.00398	0.03929273	129.31334	3.0926666	0.0024333333	1.7966666	131.01	3.159	0.00232	-0.23258892	105.58	20.332	0.00266	-0.39	105.58	20.332	0.00266	1.0982456	85.31	5.026	0.00232	-1.11	85.31	5.026	0.00232	0.6057508
ENST00000327044.7|ENSG00000188976.11|OTTHUMG00000040720.2|OTTHUMT00000097869.2|NOC2L-201|NOC2L|2757|protein_coding|	871	5510fd21-861d-4d42-ad06-626eb9b5f6c0	110.52	5.55	0.00996	0.55	110.52	5.55	0.00996	0.23608018	105.41	7.062	0.00863	-2.01	105.41	7.062	0.00863	0.4743215	71.02	3.295	0.00432	-2.34	71.02	3.295	0.00432	0.17259787	70.145	1.313	0.00332	-0.655	70.145	1.313	0.00332	-0.4412766	73.66	1.234	0.0093	-0.51	73.66	1.234	0.0093	-0.49008265	72.37	1.29	0.00797	-0.66	72.37	1.29	0.00797	-0.3768116	65.8025	1.38525	0.007885	-0.9575	65.8025	1.38525	0.007885	-0.3977174
ENST00000327044.7|ENSG00000188976.11|OTTHUMG00000040720.2|OTTHUMT00000097869.2|NOC2L-201|NOC2L|2757|protein_coding|	1837	5ce1d1c8-476f-4138-955e-56791cd8a303	111.27	2.683	0.00564	0.7	111.27	2.683	0.00564	-0.40244988	113.76	2.4435	0.00531	-0.745	113.76	2.4435	0.00531	-0.48987475	85.83	2.74	0.00465	1.81	85.83	2.74	0.00465	-0.024911031	68.28	1.728	0.0068633333	0.39333335	68.93	1.574	0.00598	-0.16521738	79.99	2.212	0.00266	0.54	79.99	2.212	0.00266	-0.20431654	86.46	5.131	0.00531	-1.0	86.46	5.131	0.00531	0.030321285	107.65	6.369	0.00598	-1.5	107.65	6.369	0.00598	0.5725926
ENST00000327044.7|ENSG00000188976.11|OTTHUMG00000040720.2|OTTHUMT00000097869.2|NOC2L-201|NOC2L|2757|protein_coding|	1895	6d315833-bb51-4e8f-b969-9ac14e28d1a8	103.175	2.6725	0.006805	0.59	103.175	2.6725	0.006805	-0.4047884	112.34	4.102	0.00232	-0.96	112.34	4.102	0.00232	-0.14363256	77.57	1.835	0.00697	-0.48	77.57	1.835	0.00697	-0.3469751	76.43	1.097	0.00614	-0.035	76.43	1.097	0.00614	-0.6053957	100.23583	3.5121667	0.0059466665	1.1025	98.1325	3.77975	0.003985	-0.29474565	110.8125	5.0395	0.0049825	-0.89	110.8125	5.0395	0.0049825	0.24432099	123.95	2.811	0.00266	0.87	123.95	2.811	0.00266	-0.11324921
ENST00000327044.7|ENSG00000188976.11|OTTHUMG00000040720.2|OTTHUMT00000097869.2|NOC2L-201|NOC2L|2757|protein_coding|	2165	8138a148-97b1-4d07-8e4d-259afa0c3b9e	112.86	10.45	0.00531	-1.34	112.86	10.45	0.00531	0.7802385	129.56	3.373	0.00631	0.62	129.56	3.373	0.00631	-0.29582465	69.3	0.561	0.00332	-2.65	69.3	0.561	0.00332	-0.80035585	69.315	3.6665	0.01278	1.1	69.315	3.6665	0.01278	0.771256	72.62	3.437	0.00365	0.24	72.62	3.437	0.00365	0.62890995	78.08292	3.3976667	0.008368333	0.27666667	79.2	3.55725	0.0056425	-0.33248198	115.205	3.5695	0.02028	1.0425	114.815	3.379	0.014195	-0.39190802
ENST00000327044.7|ENSG00000188976.11|OTTHUMG00000040720.2|OTTHUMT00000097869.2|NOC2L-201|NOC2L|2757|protein_coding|	2511	a5801d2c-f7da-44d6-8693-5538e8671d4f	104.885	9.2215	0.00448	-0.375	104.885	9.2215	0.00448	1.0537862	114.69	12.701	0.00664	-0.57	114.69	12.701	0.00664	1.6515658	79.43	4.001	0.01262	0.07	79.43	4.001	0.01262	0.4238434	69.205	0.9715	0.004815	0.39	69.205	0.9715	0.004815	-0.5306763	74.355	2.852	0.01577	0.845	74.355	2.852	0.01577	0.21361703	95.68	2.025	0.00531	0.425	95.68	2.025	0.00531	-0.28947368	111.74	2.379	0.00398	0.75	111.74	2.379	0.00398	-0.4701559
ENST00000327044.7|ENSG00000188976.11|OTTHUMG00000040720.2|OTTHUMT00000097869.2|NOC2L-201|NOC2L|2757|protein_coding|	2377	aa1feff1-1051-4816-9c06-0469b3121d18	122.9	3.451	0.0176	0.32	122.9	3.451	0.0176	-0.4120954	124.672	4.3088	0.01089	-0.142	123.85	3.374	0.00863	-0.10045929	80.9	2.872	0.00598	-0.85	80.9	2.872	0.00598	-0.09685534	77.405	2.071	0.004315	1.025	77.405	2.071	0.004315	0.101595744	76.9	1.765	0.00432	-0.68	76.9	1.765	0.00432	-0.44496855	91.871666	6.038833	0.0069716666	1.2983333	92.11	6.554	0.006805	0.21261713	113.42	5.672	0.01162	-0.4	113.42	5.672	0.01162	0.40049383
