contig	position	-3_event_level_mean	-3_event_stdv	-3_event_length	-3_standardized_level	-3_event_level_median	-3_event_stdv_median	-3_event_length_median	-3_diff_stdv	-2_event_level_mean	-2_event_stdv	-2_event_length	-2_standardized_level	-2_event_level_median	-2_event_stdv_median	-2_event_length_median	-2_diff_stdv	-1_event_level_mean	-1_event_stdv	-1_event_length	-1_standardized_level	-1_event_level_median	-1_event_stdv_median	-1_event_length_median	-1_diff_stdv	0_event_level_mean	0_event_stdv	0_event_length	0_standardized_level	0_event_level_median	0_event_stdv_median	0_event_length_median	0_diff_stdv	+1_event_level_mean	+1_event_stdv	+1_event_length	+1_standardized_level	+1_event_level_median	+1_event_stdv_median	+1_event_length_median	+1_diff_stdv	+2_event_level_mean	+2_event_stdv	+2_event_length	+2_standardized_level	+2_event_level_median	+2_event_stdv_median	+2_event_length_median	+2_diff_stdv	+3_event_level_mean	+3_event_stdv	+3_event_length	+3_standardized_level	+3_event_level_median	+3_event_stdv_median	+3_event_length_median	+3_diff_stdv	label
ENST00000327044.7|ENSG00000188976.11|OTTHUMG00000040720.2|OTTHUMT00000097869.2|NOC2L-201|NOC2L|2757|protein_coding|	89	102.80371428571429	2.901058823529412	0.004599117647058824	0.1	104.2	2.588	0.00432	-0.3538844491025808	117.13333333333333	6.490772727272727	0.005074761904761906	-0.48	117.61	5.9905	0.00515	0.35506737521351295	87.38931034482756	2.2456896551724137	0.005872413793103448	-0.38999999999999996	87.05	2.0495	0.005475	-0.17740305671340156	80.0159375	1.665741935483871	0.004573548387096775	-0.1921875	79.805	1.6604999999999999	0.00398	-0.41552914544425584	70.8040909090909	2.0677878787878785	0.005417272727272728	0.485	71.535	1.719	0.00432	-0.1009617918313571	81.63413333333332	2.0771315789473688	0.007326351351351352	-0.07893333333333334	81.77000000000001	2.084	0.005475	-0.2528303672851191	96.11612903225804	2.8424918032786888	0.0073865	0.1	96.39	2.896	0.00598	-0.2875960392785242	-1
ENST00000327044.7|ENSG00000188976.11|OTTHUMG00000040720.2|OTTHUMT00000097869.2|NOC2L-201|NOC2L|2757|protein_coding|	133	123.26894736842104	4.7174499999999995	0.005836315789473684	0.35	125.41	3.729	0.005475	-0.1963458262350938	129.30833333333334	2.953041666666666	0.006017499999999999	0.62	128.8	2.406	0.00531	-0.38349860821155196	85.9465625	3.217129032258064	0.005227419354838709	0.35	86.26	3.065	0.003815	0.011675796307567285	76.48413793103448	1.8549642857142856	0.005242758620689654	0.6682758620689656	76.81	1.802	0.00432	-0.013316869300911848	79.65642857142859	2.3751428571428574	0.005447777777777778	-0.01642857142857145	79.44	2.16	0.005475	-0.253099730458221	89.0820588235294	5.037764705882352	0.005432424242424243	0.88	89.17	4.9415	0.00432	0.011599338530592647	115.14863636363636	4.753377777777778	0.007183181818181819	0.11	115.8	4.884	0.00531	0.1736735253772291	-1
ENST00000327044.7|ENSG00000188976.11|OTTHUMG00000040720.2|OTTHUMT00000097869.2|NOC2L-201|NOC2L|2757|protein_coding|	248	116.33099999999999	5.374948717948719	0.008129230769230767	0.10600000000000001	117.65	5.356	0.00598	0.6955674189112678	117.53611111111111	7.302684210526316	0.005755555555555555	0.16	119.17	6.219	0.00465	0.5245687287111306	78.7179411764706	3.7240895522388064	0.006292985074626865	-0.46499999999999997	78.875	2.9015	0.004484999999999999	0.17109734347132272	94.86227272727272	7.034913043478262	0.005599090909090909	-0.01	96.5	7.422	0.00598	0.3821047236695997	109.09350000000002	5.985600000000001	0.006027894736842105	0.21000000000000002	107.995	4.891	0.00598	0.01969335604770027	129.53478260869565	3.7058260869565207	0.008285217391304348	0.2582608695652174	129.4	3.786	0.00697	-0.3487124627492934	118.78240000000001	5.68816	0.0059484	-0.6103999999999999	118.79	5.806	0.00564	-0.030977853492333937	-1
ENST00000327044.7|ENSG00000188976.11|OTTHUMG00000040720.2|OTTHUMT00000097869.2|NOC2L-201|NOC2L|2757|protein_coding|	254	118.78240000000001	5.68816	0.0059484	-0.6103999999999999	118.79	5.806	0.00564	-0.030977853492333937	127.13813559322031	4.132762711864407	0.007376779661016949	0.36	127.8	3.753	0.00631	-0.13721028979866243	80.638	3.5832	0.007059411764705882	0.49	80.89500000000001	3.1390000000000002	0.00531	0.27516014234875447	68.98982142857143	1.5322727272727275	0.004636181818181817	0.8723214285714286	68.835	1.5095	0.00415	-0.2597716293368466	65.46269230769231	1.9502692307692309	0.007561851851851852	0.65	64.96	1.808	0.00598	-0.05784095131921207	83.42358208955223	2.604074626865672	0.005505692307692307	0.0	83.78	2.581	0.00498	-0.06328250832170064	102.28000000000002	3.830571428571428	0.005098571428571429	1.2482758620689653	103.85	3.53	0.00398	-0.039957035445757426	-1
ENST00000327044.7|ENSG00000188976.11|OTTHUMG00000040720.2|OTTHUMT00000097869.2|NOC2L-201|NOC2L|2757|protein_coding|	287	92.48809523809524	4.23095	0.0048625000000000005	-0.3233333333333333	92.48	3.953	0.00398	-0.057694877505567975	118.7286956521739	8.496041666666667	0.0059465217391304346	0.42000000000000004	118.85499999999999	8.142	0.00581	0.7737038970076549	77.93277777777777	2.641105263157894	0.006133157894736842	-0.47	77.27	2.209	0.00498	-0.060104888555909564	71.88259259259259	2.115884615384615	0.006553703703703704	0.785	74.195	1.7865	0.00498	0.002788917243893491	75.31333333333333	4.164882352941176	0.005977058823529412	-0.08	75.405	4.0665	0.005145	-0.1817519935282561	104.63726027397261	4.655094594594594	0.006519722222222222	-0.29054794520547944	105.55	4.382	0.005145	-0.20696855287996696	128.60117647058823	5.845	0.006504423076923078	0.34	130.13	5.254	0.00564	0.027240773286467374	-1
ENST00000327044.7|ENSG00000188976.11|OTTHUMG00000040720.2|OTTHUMT00000097869.2|NOC2L-201|NOC2L|2757|protein_coding|	302	105.07625	2.160125	0.0049896875	0.52	104.95	2.024	0.00432	-0.19398320895522397	106.66159999999999	2.72548	0.0070916	-0.035	106.595	2.665	0.00664	-0.2100057971014493	92.48219512195122	1.8331463414634148	0.005096249999999999	0.01	92.685	1.7469999999999999	0.00432	-0.3285178236397748	82.26428571428569	1.5427936507936506	0.006524761904761905	0.6246031746031747	82.36	1.41	0.005145	-0.3624819624819625	78.39375	1.38024	0.0058775	0.32	78.51	1.319	0.00498	-0.3332173913043478	77.409	1.5346315789473683	0.007486	0.6455	79.555	1.388	0.00564	-0.33276887871853544	90.34058823529412	2.633285714285714	0.004713428571428571	-0.022941176470588236	90.36	2.458	0.00432	-0.4826550659556554	-1
ENST00000327044.7|ENSG00000188976.11|OTTHUMG00000040720.2|OTTHUMT00000097869.2|NOC2L-201|NOC2L|2757|protein_coding|	416	118.66107692307693	4.54430303030303	0.005747910447761194	0.060000000000000005	118.21000000000001	3.9735	0.00498	0.4335340789599463	118.39297297297297	6.572837837837838	0.005185405405405405	0.835	121.06	5.618	0.00415	0.3721999661456864	81.34730158730159	4.025540983606558	0.005478064516129031	0.14	81.54	3.841	0.00498	0.2658933910712447	102.48814814814814	7.0207592592592585	0.00773622641509434	0.12	97.13	6.9559999999999995	0.00631	0.37932401950083666	108.68428571428572	5.823518518518519	0.007327857142857143	0.2667857142857143	109.3	5.3345	0.004484999999999999	-0.007918480661240434	129.1485576923077	3.7157745098039223	0.006944901960784313	-0.07	127.41	3.2655000000000003	0.00498	-0.34696405803094515	117.69645569620253	6.300703703703704	0.00465126582278481	0.4	118.98	6.232	0.00398	0.5634500505468246	-1
ENST00000327044.7|ENSG00000188976.11|OTTHUMG00000040720.2|OTTHUMT00000097869.2|NOC2L-201|NOC2L|2757|protein_coding|	575	117.15283333333335	4.305918032786886	0.007869836065573772	-0.28500000000000003	116.925	4.232	0.006805	0.358333764286084	118.57652173913044	5.210636363636365	0.005598636363636364	-0.10217391304347831	119.51	5.593	0.00398	0.08781552476750826	78.82475409836066	2.486864406779661	0.005644499999999999	-0.015	78.93	2.149	0.00432	-0.1149948730321492	71.95125	1.8389583333333335	0.005401666666666667	-0.3	71.49	1.731	0.00465	-0.1284557661927329	96.65103448275862	5.607206896551724	0.00483	0.7303448275862068	97.525	5.1594999999999995	0.004314999999999999	0.10161235688638984	100.57880952380951	4.607926829268293	0.007416829268292685	0.57	103.84	4.899	0.00564	-0.41225423096067687	117.429875	4.4831358024691355	0.0076647500000000006	0.04	117.57	4.282	0.00564	0.41423842349184087	-1
ENST00000327044.7|ENSG00000188976.11|OTTHUMG00000040720.2|OTTHUMT00000097869.2|NOC2L-201|NOC2L|2757|protein_coding|	614	120.56975609756098	3.5847499999999997	0.006494634146341464	-0.0846341463414634	120.63	2.7145	0.00498	0.13083596214511034	114.125	8.829407407407407	0.0050448	-0.51	114.7	7.936	0.00398	0.8433000850537384	82.28435897435897	2.799461538461538	0.005600789473684209	0.32897435897435895	82.155	2.3529999999999998	0.00465	-0.11966618287373024	89.78	4.346743589743589	0.004566756756756757	-0.22	88.69	4.294	0.00398	-0.14602287038436362	124.61123529411762	4.406711656441717	0.007760363636363637	1.22	125.785	4.1555	0.006475	0.09347683782672861	112.95965517241379	11.67343103448276	0.0056985454545454535	0.09	111.775	11.184000000000001	0.005145	0.20468844525105895	91.37444444444445	2.753103448275862	0.0057001123595505606	0.44	91.78	2.46	0.00432	-0.12041423377767982	-1
ENST00000327044.7|ENSG00000188976.11|OTTHUMG00000040720.2|OTTHUMT00000097869.2|NOC2L-201|NOC2L|2757|protein_coding|	656	118.35166666666667	5.0601290322580645	0.0051123333333333324	-0.6530000000000001	116.62	4.652	0.00398	-0.1379677968895972	127.70349397590358	4.58646590909091	0.007221022727272727	0.41	127.42	4.316	0.00631	-0.04249145947997711	80.82454545454546	4.5657575757575755	0.004396363636363637	0.5	81.08	3.485	0.00432	0.6248247600560767	70.41696428571429	1.795736842105263	0.0051552631578947366	0.505	70.865	1.436	0.00465	-0.23585666293393062	73.74264705882354	1.5301666666666667	0.0050711111111111104	0.21	73.77	1.463	0.00465	-0.4630994152046784	80.21166666666666	1.5967608695652173	0.00467595744680851	0.17520833333333333	80.17	1.443	0.00415	-0.30575614366729675	89.27776119402988	1.6163731343283583	0.0045250769230769225	0.63	90.11	1.5715	0.00415	-0.24113937355476134	-1
ENST00000327044.7|ENSG00000188976.11|OTTHUMG00000040720.2|OTTHUMT00000097869.2|NOC2L-201|NOC2L|2757|protein_coding|	761	116.20354430379747	3.864317073170732	0.007065555555555555	-0.12000000000000001	116.705	2.8925	0.00498	0.21902746787720254	119.8873076923077	6.266642857142856	0.005558518518518518	0.56	121.22	6.4635	0.005145	0.30827617059349816	85.17394736842104	2.039736842105263	0.006124473684210526	0.71	85.27	1.754	0.00465	-0.35857332009268467	77.42999999999999	1.533725	0.00527025	-0.3	77.9	1.451	0.00465	-0.2799413145539906	90.40787234042556	2.474204081632653	0.005256458333333334	0.62	90.53999999999999	2.5035	0.00398	-0.5659291084854995	79.28486486486487	1.9108108108108113	0.005508918918918917	0.13351351351351354	79.575	1.9665	0.00465	-0.16921269095182112	87.01808823529413	2.088313432835821	0.004710000000000001	0.32323529411764707	87.145	1.9745	0.00398	-0.3085054858159534	-1
ENST00000327044.7|ENSG00000188976.11|OTTHUMG00000040720.2|OTTHUMT00000097869.2|NOC2L-201|NOC2L|2757|protein_coding|	992	115.35954198473283	6.186834586466165	0.006786124031007752	0.1	115.55000000000001	6.133	0.00465	0.9516828348473706	118.30653061224488	7.1589	0.005305000000000001	0.27	119.745	6.7515	0.004484999999999999	0.49455114822546975	86.46461538461539	2.9905882352941178	0.004661764705882353	0.55	86.705	2.545	0.00432	-0.05956344802071773	76.3315037593985	1.383735294117647	0.006497080291970803	-0.45	76.38499999999999	1.3205	0.00564	-0.26397058823529407	84.36999999999999	1.86532	0.0045276	-0.19730769230769235	84.04499999999999	1.6219999999999999	0.00398	-0.3167326007326007	81.83244444444445	1.4701111111111111	0.0067951111111111085	-0.08	82.105	1.526	0.00564	-0.39251606978879705	77.96373913043479	1.2188141592920354	0.006576756756756758	0.09373913043478259	77.75	1.215	0.00531	-0.3813126094964287	-1
ENST00000327044.7|ENSG00000188976.11|OTTHUMG00000040720.2|OTTHUMT00000097869.2|NOC2L-201|NOC2L|2757|protein_coding|	1043	123.71791666666667	6.964148648648648	0.006648888888888889	0.26430555555555557	123.75	7.3925	0.00465	0.2525447209799728	101.7123076923077	3.614710526315789	0.0062086486486486485	0.21102564102564103	102.09	3.218	0.00531	0.0477421815408083	92.7852380952381	2.4550317460317457	0.007173680000000001	-0.05809523809523808	92.9	2.211	0.00564	-0.1007209721495437	85.97765625	2.171769230769231	0.0054279365079365075	0.09	86.45	2.085	0.00465	-0.23797570850202418	96.75736842105262	2.207904761904762	0.006403795180722891	0.64	97.315	2.117	0.004815	-0.29459911760231244	105.82693548387097	5.5600625	0.006473225806451612	-0.010000000000000002	105.035	5.2775	0.00531	0.4404306994818653	83.72191176470588	2.6798307692307692	0.005146060606060607	0.525	83.87	2.3834999999999997	0.00432	-0.11263881813550689	-1
ENST00000327044.7|ENSG00000188976.11|OTTHUMG00000040720.2|OTTHUMT00000097869.2|NOC2L-201|NOC2L|2757|protein_coding|	1096	117.76365384615386	3.4944615384615383	0.006825192307692308	0.175	118.125	2.958	0.00581	0.10235379762193639	119.3648275862069	6.563099999999998	0.007669999999999998	0.09	119.78	5.743	0.005145	0.3701670146137782	81.09904761904761	2.4731428571428573	0.005011190476190476	0.42	81.47	1.853	0.00465	-0.11987798678190133	73.09581818181817	2.1346545454545454	0.0055083928571428575	0.405	73.28	1.3065	0.004484999999999999	-0.09163636363636371	78.93500000000002	1.738686274509804	0.005005686274509804	0.58	79.55	1.557	0.00432	-0.28153459730999836	93.98194805194805	2.486051282051282	0.007217272727272727	0.615	93.845	2.306	0.00598	-0.06186744073536521	107.11698113207547	2.8552830188679246	0.0067841509433962275	0.89	108.83	2.855	0.00631	-0.3640795058200614	-1
ENST00000327044.7|ENSG00000188976.11|OTTHUMG00000040720.2|OTTHUMT00000097869.2|NOC2L-201|NOC2L|2757|protein_coding|	1192	96.448	4.206114285714286	0.005512	0.39	96.275	3.4265	0.00415	-0.06322621699013671	111.56314285714286	8.926694444444445	0.004875142857142857	-0.9650000000000001	111.825	9.27	0.00415	0.8636105311992578	78.16692307692308	2.4644999999999997	0.004831842105263157	-0.26	77.535	2.0140000000000002	0.00432	-0.1229537366548044	72.44581818181818	1.2084861111111111	0.005471342592592593	-0.14	73.06	1.185	0.00432	-0.42725776724591885	77.40615384615386	1.6313846153846154	0.00630825	0.08	77.52	1.701	0.00465	-0.13224222585924705	89.83361111111111	3.383972222222223	0.008069444444444443	1.4	90.28	2.9565	0.0071400000000000005	0.2395502645502648	81.99625	2.635625	0.007634999999999999	0.25625	82.77000000000001	2.0625	0.00647	-0.07521929824561403	-1
ENST00000327044.7|ENSG00000188976.11|OTTHUMG00000040720.2|OTTHUMT00000097869.2|NOC2L-201|NOC2L|2757|protein_coding|	1210	105.23526315789474	3.1340877192982455	0.006891724137931034	-0.26	105.01	2.815	0.00598	0.16943571615606168	98.6398275862069	3.5409152542372877	0.00546603448275862	-0.22	98.28999999999999	3.4875	0.004484999999999999	0.026352247605010874	87.86898550724638	2.0956666666666663	0.005407121212121211	-0.004927536231884069	88.3	1.793	0.00465	-0.3409853249475892	80.77766233766233	1.8005063291139243	0.0067227499999999996	0.09	80.58	1.692	0.00564	-0.1546918642657632	86.83119047619047	3.015833333333333	0.005481219512195121	-0.28	87.95	2.99	0.00498	-0.519771762208068	75.44098039215687	1.4055339805825247	0.007921881188118813	0.33499999999999996	75.475	1.3975	0.006144999999999999	-0.3306981044845121	77.72766666666668	1.3451724137931036	0.006353448275862068	-0.030333333333333334	77.495	1.3399999999999999	0.004815	-0.5212909559455148	-1
ENST00000327044.7|ENSG00000188976.11|OTTHUMG00000040720.2|OTTHUMT00000097869.2|NOC2L-201|NOC2L|2757|protein_coding|	1754	132.25831460674158	4.86804347826087	0.007764555555555555	0.59	132.68	4.590999999999999	0.00631	-0.12445261182358444	101.61173410404625	2.6892499999999995	0.00618923076923077	0.06	101.08	2.301	0.00498	-0.2205072463768118	93.7074358974359	2.2377317073170726	0.005596904761904762	0.88	94.96000000000001	1.7505000000000002	0.004815	-0.18031805592781222	80.91166666666665	2.206583333333333	0.004695714285714286	0.23	80.97	2.191	0.00398	-0.22576023391812874	82.72211267605634	2.0561714285714285	0.006311884057971014	0.10690140845070423	82.74	1.988	0.00432	-0.1060124223602484	95.74014285714284	2.815434782608696	0.006183731343283582	0.47652173913043483	96.575	2.761	0.005475	-0.4346516500785752	103.77093749999999	5.1464583333333325	0.00641691489361702	-0.26	104.02	4.151	0.00531	-0.030798807281858222	-1
ENST00000327044.7|ENSG00000188976.11|OTTHUMG00000040720.2|OTTHUMT00000097869.2|NOC2L-201|NOC2L|2757|protein_coding|	1837	107.98342857142856	4.2336285714285715	0.005868235294117646	0.28500000000000003	108.55000000000001	4.0415	0.00498	-0.05709831371301307	120.57476190476191	5.683166666666667	0.007296585365853658	0.34261904761904766	120.215	5.872	0.00697	0.18646485734168405	81.34874074074074	3.1522043795620442	0.006961716417910447	0.76	81.51	2.951	0.00564	0.12178091799361003	68.45944444444444	2.073239436619718	0.004490857142857142	0.55	68.58	1.915	0.00332	0.001564945226917088	77.39611940298508	2.851507462686567	0.005168615384615384	-0.18373134328358207	77.98	2.71	0.00432	0.02572210888006017	97.42546875000001	4.492338461538462	0.0054721875	0.78	97.63	4.424	0.00465	-0.09792400370713625	114.58710526315791	4.299447368421053	0.005228	-0.18960526315789475	115.26	4.242	0.00432	0.061591942820013026	-1
ENST00000327044.7|ENSG00000188976.11|OTTHUMG00000040720.2|OTTHUMT00000097869.2|NOC2L-201|NOC2L|2757|protein_coding|	1861	108.68899999999998	2.837218181818182	0.006413084112149533	0.2550909090909091	109.49	2.789	0.00498	-0.36810285482891275	117.35126760563381	6.271958333333334	0.006508591549295774	0.02	117.83	6.289	0.00564	0.3093858733472513	81.5171212121212	2.673925373134329	0.006385882352941175	0.59	81.85	2.415	0.00564	-0.04842513411589722	73.11293103448276	1.229258620689655	0.0051603508771929825	0.29344827586206895	73.715	1.2485	0.00465	-0.4769112252384447	78.06851851851852	1.310025	0.005741666666666666	0.13135802469135804	78.23	1.243	0.00465	-0.4586673553719008	88.26922077922079	2.0022025316455703	0.006067	0.675	88.685	1.924	0.00498	-0.24445187485072817	101.83115942028986	2.5506571428571423	0.005609999999999999	0.76	102.61	2.394	0.00465	-0.3252229780801211	-1
ENST00000327044.7|ENSG00000188976.11|OTTHUMG00000040720.2|OTTHUMT00000097869.2|NOC2L-201|NOC2L|2757|protein_coding|	1940	119.5409375	4.577451612903225	0.0059758064516129035	-0.205625	119.69999999999999	4.6915	0.00564	-0.22019563664340291	128.24433333333334	4.639383333333333	0.008410833333333334	0.8200000000000001	129.23	4.321999999999999	0.00581	-0.031443980514961806	78.600625	4.630387096774195	0.0051771875	-0.52	77.8	3.593	0.00432	0.6478245895993575	69.77949152542372	2.4043050847457628	0.00534	-0.31	69.58	2.076	0.00465	0.023108546700324542	94.25396226415093	2.337620253164557	0.007185569620253165	0.37	95.28	2.222	0.00598	-0.17978236731068173	110.36256410256411	4.0836410256410245	0.006159473684210526	0.4133333333333334	113.11	3.514	0.00465	-0.09050311232939325	116.73416666666665	5.128702702702702	0.0068425000000000005	-0.2736111111111111	116.49	4.573	0.00598	-0.07757145634843485	-1
ENST00000327044.7|ENSG00000188976.11|OTTHUMG00000040720.2|OTTHUMT00000097869.2|NOC2L-201|NOC2L|2757|protein_coding|	1946	116.73416666666665	5.128702702702702	0.0068425000000000005	-0.2736111111111111	116.49	4.573	0.00598	-0.07757145634843485	101.59	3.8919107142857143	0.006048727272727272	-0.23	99.6	3.146	0.00531	0.1280900621118012	92.00974683544307	2.6033116883116882	0.007051772151898735	-0.23974683544303804	92.53	2.584	0.00564	-0.04640597497740357	82.24147540983607	2.1002380952380957	0.006270161290322579	0.92	83.04	1.891	0.00465	-0.13213301849665465	74.39708955223882	1.26544696969697	0.006396940298507463	0.06746268656716417	74.46	1.266	0.00531	-0.3886729614990483	70.09111111111112	1.057037037037037	0.008649818181818182	0.45999999999999996	70.10499999999999	1.0425	0.005974999999999999	-0.5404186795491143	66.64918367346938	1.3365714285714287	0.0055541666666666665	0.185	66.75	1.0545	0.00498	-0.3543133195307107	-1
ENST00000327044.7|ENSG00000188976.11|OTTHUMG00000040720.2|OTTHUMT00000097869.2|NOC2L-201|NOC2L|2757|protein_coding|	1979	106.54299270072993	4.277328358208956	0.0061111111111111106	-0.22	105.85	3.479	0.00498	-0.04736562177974267	115.3060294117647	6.92525352112676	0.008227536231884058	-0.04	115.37	5.735	0.00564	0.44577317768825886	80.16063157894737	2.950265957446808	0.00639627659574468	-0.425	79.22999999999999	2.6565000000000003	0.004815	-0.07224340960792207	83.03074074074074	4.866592592592593	0.006787037037037037	-0.05	82.815	4.843999999999999	0.00581	-0.04389143563996214	102.43243902439023	5.363309523809524	0.007377073170731708	0.96	107.1	5.813	0.00631	-0.315904397473275	116.26259842519687	5.154484375000001	0.01049283464566929	-0.28165354330708664	116.535	5.1605	0.0073	0.6260203075709783	116.30516129032259	5.396483870967741	0.007702333333333334	0.07870967741935483	117.47	4.89	0.00631	-0.029409375725226297	-1
ENST00000327044.7|ENSG00000188976.11|OTTHUMG00000040720.2|OTTHUMT00000097869.2|NOC2L-201|NOC2L|2757|protein_coding|	1994	115.36326086956524	5.393868131868132	0.009096666666666668	-0.2	115.08	5.559	0.00797	0.7015356882864769	119.64204545454545	6.138608695652174	0.006137999999999998	0.59	121.52	6.077	0.00498	0.2815467005536897	79.85999999999999	3.955262295081968	0.007051935483870967	0.195	80.28	3.213	0.00631	0.24379317455407792	70.65787234042553	8.551434782608695	0.005997777777777776	0.07	75.61	8.039	0.00531	0.6800461262492524	90.59576923076922	7.2628076923076925	0.0059756	-0.8200000000000001	88.87	7.355	0.00564	-0.07362146781789634	119.40135714285714	4.643978873239438	0.006997826086956521	0.45999999999999996	119.34	4.7455	0.00531	0.4649775625361003	118.46673076923076	5.225851851851853	0.006614339622641508	1.085	118.47	4.558	0.00498	-0.06009858779642931	-1
ENST00000327044.7|ENSG00000188976.11|OTTHUMG00000040720.2|OTTHUMT00000097869.2|NOC2L-201|NOC2L|2757|protein_coding|	2165	122.9815625	3.709870967741935	0.00692	0.25	124.56	3.647	0.00531	-0.3679947244051218	127.94118421052633	3.9577402597402602	0.00922397435897436	0.62	128.89	3.211	0.00797	-0.1737494238538079	80.54583333333333	3.2908061224489797	0.006335360824742269	0.4	80.405	2.6345	0.004815	0.17110538165444117	66.43953846153846	1.8845873015873018	0.00531140625	0.515	67.375	1.4865	0.00432	-0.08957135189019229	71.8403125	2.3950793650793654	0.005068730158730158	0.04	72.08	2.073	0.00398	0.1351087038290832	74.41655737704917	3.4379000000000004	0.006047499999999999	0.23	76.85	3.103	0.00498	-0.3245776031434184	107.13628099173553	4.970975206611571	0.006854672131147542	0.275	108.70500000000001	5.076499999999999	0.005145	-0.15315584214453654	-1
ENST00000327044.7|ENSG00000188976.11|OTTHUMG00000040720.2|OTTHUMT00000097869.2|NOC2L-201|NOC2L|2757|protein_coding|	2377	120.22354166666668	3.4642765957446806	0.007985263157894735	0.04	120.625	3.239	0.00664	-0.40983362934502887	124.3327142857143	4.974703349282297	0.008716057692307693	-0.13	124.595	3.9045	0.00664	0.03856019818002028	82.43766666666669	4.120918032786887	0.005300983606557377	-0.675	81.61500000000001	3.819	0.00432	0.2958861738323542	74.00027149321268	1.905788990825688	0.006892663551401868	-0.35	73.945	1.7974999999999999	0.00531	0.013717548311536217	79.5032142857143	3.4349298245614035	0.007020181818181819	-0.225	78.525	2.965	0.00664	0.08016661149729665	91.14416289592761	5.274185840707964	0.00676981981981982	1.145	90.86	5.52	0.00498	0.05907346198955087	110.55761363636363	5.718897727272727	0.007863255813953491	-0.63	111.535	5.119	0.00631	0.41207351290684613	-1
ENST00000327044.7|ENSG00000188976.11|OTTHUMG00000040720.2|OTTHUMT00000097869.2|NOC2L-201|NOC2L|2757|protein_coding|	2384	118.3443956043956	4.715358695652173	0.0070154945054945045	0.07	118.35	3.8870000000000005	0.00564	0.48749485667260994	111.07770833333332	9.669104166666665	0.0065831914893617	-1.1572916666666666	110.84	10.3825	0.00498	1.0186021224773831	77.15064516129033	4.080881720430107	0.005622282608695652	-1.13	76.075	3.2635	0.00465	0.2832961385000337	84.76500000000001	6.886932432432431	0.006158169014084507	0.42000000000000004	86.49000000000001	7.165	0.005475	0.35303191206923995	109.82937499999998	8.765437499999999	0.007664042553191488	-0.42437499999999995	108.70500000000001	8.7745	0.00631	0.1180404974489795	122.48254098360657	7.697934959349594	0.007351525423728814	0.3104918032786885	122.46	8.269	0.00564	0.44970526541423617	110.89541284403668	5.334500000000002	0.00681926605504587	-0.13	111.61	5.562	0.00564	0.5026760563380288	-1
ENST00000327044.7|ENSG00000188976.11|OTTHUMG00000040720.2|OTTHUMT00000097869.2|NOC2L-201|NOC2L|2757|protein_coding|	2511	107.1143661971831	3.3779558823529414	0.00552443661971831	0.08	107.62	3.2045000000000003	0.00498	-0.2476712956897681	118.50589041095888	8.118931506849314	0.006158550724637681	0.005890410958904125	120.03	8.634	0.00531	0.6949752623902535	78.18979797979797	2.472469387755102	0.005370103092783505	-0.17	78.49000000000001	2.144	0.00465	-0.12011765560316655	68.20405325443787	1.3788065476190476	0.005868368580060423	0.04	68.2	1.245	0.00432	-0.3339098803772716	74.33925925925925	2.564227941176471	0.007286888888888889	0.91	74.49	2.541	0.00598	0.09116082603254072	94.10767754318618	2.18851171875	0.007158688845401175	0.08	94.32	2.21	0.00531	-0.23210115131578948	109.66233333333334	2.960545454545455	0.005583409090909091	0.81	110.835	2.6295	0.00465	-0.34063575622595665	-1
ENST00000327044.7|ENSG00000188976.11|OTTHUMG00000040720.2|OTTHUMT00000097869.2|NOC2L-201|NOC2L|2757|protein_coding|	2604	110.02047619047616	4.689219512195122	0.005562926829268292	0.3814285714285714	108.705	4.2805	0.00465	-0.20115510865500472	125.40369369369371	5.039382608695652	0.007101739130434782	0.03	125.04	3.541	0.00531	0.05206317509303797	78.7155737704918	2.5753275862068965	0.005520508474576271	-0.36	78.49	2.03	0.00498	-0.0835133145171187	70.53606557377049	1.2192903225806453	0.0055075409836065565	0.37	70.3	1.148	0.00432	-0.481153054221002	73.99849056603773	1.3961904761904762	0.005862	-0.115	74.53	1.2679999999999998	0.00498	-0.510108604845447	81.49475000000001	1.7139406779661017	0.007002372881355933	-0.15383333333333335	81.9	1.7115	0.00531	-0.25480840088430357	92.41293333333334	2.4378108108108107	0.005757260273972603	0.7727631578947368	93.215	2.2735000000000003	0.00564	-0.2007177669472751	-1
ENST00000327044.7|ENSG00000188976.11|OTTHUMG00000040720.2|OTTHUMT00000097869.2|NOC2L-201|NOC2L|2757|protein_coding|	2714	105.32274509803919	3.1539411764705876	0.006503529411764706	0.01	105.81	3.165	0.006144999999999999	0.17684372256365202	98.10333333333334	4.929446808510638	0.005912127659574467	-0.425	97.805	4.3325	0.004815	0.4288251618871415	85.22044776119404	2.177405797101449	0.0059663235294117635	0.39	85.38499999999999	1.9595	0.00498	-0.22512249213471563	82.56562043795621	1.715925925925926	0.005663235294117647	0.03	82.85	1.584	0.004484999999999999	-0.38276045830002653	98.83037037037037	3.9029245283018876	0.007248703703703703	0.2	98.68	3.848	0.00564	-0.021823426490755034	110.95176470588235	4.3549411764705885	0.006198823529411764	-0.09	111.26	4.015	0.00498	-0.2167371984765128	105.16020408163264	4.377060000000001	0.006815102040816326	0.54	105.37	3.54	0.00564	0.6332313432835824	-1
ENST00000416718.2|ENSG00000198744.5|OTTHUMG00000002337.2|OTTHUMT00000006719.2|MTCO3P12-201|MTCO3P12|547|unprocessed_pseudogene|	54	91.65181818181819	2.2635454545454547	0.0055527272727272725	0.06363636363636366	91.08	1.834	0.00498	-0.2554126794258373	96.13000000000001	4.6513	0.008697	0.595	95.345	4.266	0.007469999999999999	0.34820289855072456	86.442	4.142999999999999	0.004782	-0.013999999999999924	85.69	4.311	0.00432	0.3028301886792449	80.00285714285714	6.2534285714285724	0.008535714285714285	-0.5757142857142857	84.61	7.179	0.00598	0.22857142857142881	85.06800000000001	5.4842	0.0087	-0.348	91.59	5.361	0.00398	-0.30048469387755095	107.875	4.4125000000000005	0.0045650000000000005	-1.0199999999999998	108.75	4.593500000000001	0.00415	0.08950617283950635	117.023	6.2566999999999995	0.008697	0.59	117.29499999999999	5.835	0.00365	0.5448641975308641	-1
ENST00000416718.2|ENSG00000198744.5|OTTHUMG00000002337.2|OTTHUMT00000006719.2|MTCO3P12-201|MTCO3P12|547|unprocessed_pseudogene|	81	97.1	3.899	0.00531	0.46	97.1	3.899	0.00531	-0.13162583518930962	105.365625	3.8840000000000003	0.007013125	0.9299999999999999	110.435	3.2245	0.00465	-0.18914405010438406	77.67333333333333	3.408	0.0029866666666666665	-0.5766666666666667	76.73	3.242	0.00299	0.2128113879003558	70.475	1.9815	0.010455	0.2750000000000001	70.475	1.9815	0.010455	-0.1568085106382979	70.08250000000001	1.213	0.00307	-0.5875	70.66499999999999	1.31	0.00249	-0.5743859649122807	71.3725	1.422	0.0037324999999999997	0.32750000000000007	71.74000000000001	1.262	0.0026550000000000002	-0.3817391304347826	80.13	1.9157499999999998	0.0046475	0.9450000000000001	80.32499999999999	1.972	0.00332	-0.3108812949640288	-1
ENST00000416718.2|ENSG00000198744.5|OTTHUMG00000002337.2|OTTHUMT00000006719.2|MTCO3P12-201|MTCO3P12|547|unprocessed_pseudogene|	156	95.64142857142856	2.7117142857142857	0.005358571428571428	0.76	94.67	2.191	0.00465	-0.10798872180451127	95.21485714285714	1.505235294117647	0.007830588235294117	0.41657142857142865	95.22	1.401	0.00598	-0.5636999147485081	83.4575	1.9162500000000002	0.0057275	0.1325	84.18	1.8515000000000001	0.0054800000000000005	-0.3180604982206405	78.1	1.5598	0.007502	1.152	78.2	1.5	0.00365	-0.26075829383886245	86.86666666666667	1.2193333333333332	0.0074716666666666655	0.13166666666666668	86.52000000000001	1.1335000000000002	0.005645	-0.4275430359937403	95.3075	2.39	0.00473	0.6799999999999999	94.51	2.3529999999999998	0.003485	-0.6194267515923567	90.24799999999999	2.8666	0.006772	0.9940000000000001	91.98	2.368	0.00631	0.08996197718631184	-1
ENST00000416718.2|ENSG00000198744.5|OTTHUMG00000002337.2|OTTHUMT00000006719.2|MTCO3P12-201|MTCO3P12|547|unprocessed_pseudogene|	183	88.404	1.6225999999999998	0.004093333333333333	0.24299999999999997	88.245	1.5505	0.0034850000000000003	-0.46625000000000005	94.17428571428572	2.1028571428571428	0.011095714285714287	0.08	94.79	1.849	0.00797	-0.39047619047619053	89.47458333333334	2.080083333333333	0.007044782608695652	0.08	89.66499999999999	2.062	0.005645	-0.34588574423480095	75.17428571428572	1.6538571428571431	0.005548571428571429	0.10571428571428572	75.35	1.495	0.00398	-0.1202887537993919	80.78999999999999	3.531	0.0040675	0.44499999999999995	78.735	3.5915	0.0034850000000000003	0.11037735849056603	83.69666666666666	5.480666666666667	0.010733333333333333	-0.08999999999999997	81.83	4.58	0.01062	0.37360066833751043	113.73	3.09575	0.00439875	-0.72	110.81	3.242	0.004484999999999999	-0.4559314586994728	-1
ENST00000416718.2|ENSG00000198744.5|OTTHUMG00000002337.2|OTTHUMT00000006719.2|MTCO3P12-201|MTCO3P12|547|unprocessed_pseudogene|	397	104.91499999999999	3.5755	0.005645	0.43000000000000005	104.91499999999999	3.5755	0.005645	0.334141791044776	100.38499999999999	1.844	0.008799999999999999	0.15000000000000002	100.38499999999999	1.844	0.008799999999999999	-0.4655072463768116	86.09333333333332	2.9103333333333334	0.0056433333333333335	-0.8733333333333334	86.19	3.109	0.00465	-0.0848008385744235	72.94	3.237	0.00232	-0.27	72.94	3.237	0.00232	0.721808510638298	87.18	1.122	0.00432	1.29	87.18	1.122	0.00432	-0.6471698113207547	84.3	1.507	0.00863	1.8	84.3	1.507	0.00863	-0.29248826291079816	92.62	4.934	0.00432	0.63	92.62	4.934	0.00432	-0.1343859649122807	-1
